{"SusceptiblePixels":[[101,61],[99,60],[100,60],[101,60],[102,63],[102,62],[101,63],[100,63],[102,61],[99,63],[98,60],[98,61],[98,62],[98,63]],"InfectedPixels":[[100,61],[101,62],[100,62],[99,61],[99,62]],"RecoveredPixels":[],"DeadPixels":[],"SIRValues":[[100,61,33996,96226,13186,4632],[101,62,63537,161864,17479,6141],[100,62,62036,158040,17066,5996],[99,61,70541,179707,19406,6818],[99,62,58535,149117,16103,5658]],"Virus":{"VirusName":"Ez","Lethality":26,"RNumber":1.6000000000000001,"Infectivity":35,"TemperatureResist":0.10000000000000001,"MutateChance":1}}