{"SusceptiblePixels":[[162,55],[160,54],[160,55],[161,54],[162,54]],"InfectedPixels":[[161,55]],"RecoveredPixels":[],"DeadPixels":[],"SIRValues":[[161,55,7430,21030,2882,1012]],"Virus":{"VirusName":"Ez","Lethality":26,"RNumber":1.6000000000000001,"Infectivity":35,"TemperatureResist":0.10000000000000001,"MutateChance":1}}